{"cameraMode":{"drawMode":0,"name":"Shaded","section":"Shading Mode"},"sceneLighting":true,"audioPlay":false,"sceneViewState":{"showFog":true,"showMaterialUpdate":false,"showSkybox":true,"showFlares":true,"showImageEffects":true,"showParticleSystems":true},"in2DMode":false,"pivot":{"x":-5.770986080169678,"y":-3.4723262786865236,"z":2.3131089210510256},"rotation":{"x":-0.20519472658634187,"y":0.5814867615699768,"z":-0.15456950664520265,"w":-0.7719395756721497},"size":4.207394599914551,"orthographic":false}