{"cameraMode":{"drawMode":0,"name":"Shaded","section":"Shading Mode"},"sceneLighting":true,"audioPlay":false,"sceneViewState":{"showFog":true,"showMaterialUpdate":false,"showSkybox":true,"showFlares":true,"showImageEffects":true,"showParticleSystems":true},"in2DMode":false,"pivot":{"x":-0.021511077880859376,"y":-0.11246931552886963,"z":0.10471153259277344},"rotation":{"x":-0.09543199837207794,"y":0.8918144106864929,"z":-0.22279347479343415,"w":-0.3820028603076935},"size":4.207394599914551,"orthographic":false}